SET AUTOCOMMIT=0;
USE hyperjump;

-- Insertar en tabla jugador
SET AUTOCOMMIT=0;
INSERT INTO Jugador(username, contraseña, edad) VALUES
('jugador01','clave01',18),
('jugador02','clave02',19),
('jugador03','clave03',20),
('jugador04','clave04',21),
('jugador05','clave05',22),
('jugador06','clave06',23),
('jugador07','clave07',24),
('jugador08','clave08',25),
('jugador09','clave09',18),
('jugador10','clave10',19),
('jugador11','clave11',20),
('jugador12','clave12',21),
('jugador13','clave13',22),
('jugador14','clave14',23),
('jugador15','clave15',24),
('jugador16','clave16',25),
('jugador17','clave17',18),
('jugador18','clave18',19),
('jugador19','clave19',20),
('jugador20','clave20',21),
('jugador21','clave21',22),
('jugador22','clave22',23),
('jugador23','clave23',24),
('jugador24','clave24',25),
('jugador25','clave25',18),
('jugador26','clave26',19),
('jugador27','clave27',20),
('jugador28','clave28',21),
('jugador29','clave29',22),
('jugador30','clave30',23);
COMMIT;
--Tabla Estadistica se crea sola con el trigger asignar_jugador_estadisticas

-- Inserta valores en tabla NIVEL
SET AUTOCOMMIT=0;
INSERT INTO Nivel(numero_nivel, dificultad, tiempo_limite_seg) VALUES
(1,'facil',60),
(2,'facil',65),
(3,'facil',70),
(4,'facil',75),
(5,'facil',80),
(6,'facil',85),
(7,'facil',90),
(8,'facil',95),
(9,'facil',100),
(10,'facil',105),
(11,'medio',110),
(12,'medio',115),
(13,'medio',120),
(14,'medio',125),
(15,'medio',130),
(16,'medio',135),
(17,'medio',140),
(18,'medio',145),
(19,'medio',150),
(20,'medio',155),
(21,'dificil',160),
(22,'dificil',165),
(23,'dificil',170),
(24,'dificil',175),
(25,'dificil',180),
(26,'dificil',185),
(27,'dificil',190),
(28,'dificil',195),
(29,'dificil',200),
(30,'dificil',205);
COMMIT;

-- Inserta valores en tabla CARTA
SET AUTOCOMMIT=0;
INSERT INTO Carta(descripcion, nivel_maximo, dificultad_requerida) VALUES
('Carta de bomba basica',3,'facil'),
('Carta de doble salto',3,'facil'),
('Carta de escudo corto',3,'medio'),
('Carta de velocidad',3,'facil'),
('Carta de jetpack',3,'dificil'),
('Carta de plataforma aleatoria',3,'facil'),
('Carta de vida extra',3,'facil'),
('Carta de rayo frontal',3,'medio'),
('Carta de mina terrestre',3,'medio'),
('Carta de impulso vertical',3,'facil'),
('Carta de congelamiento',3,'medio'),
('Carta de onda expansiva',3,'medio'),
('Carta de invisibilidad',3,'dificil'),
('Carta de rebote',3,'facil'),
('Carta de salto pesado',3,'medio'),
('Carta de escudo total',3,'dificil'),
('Carta de curacion ligera',3,'facil'),
('Carta de dron apoyo',3,'dificil'),
('Carta de trampolin',3,'facil'),
('Carta de turbo lateral',3,'medio'),
('Carta de misil',3,'dificil'),
('Carta de detector',3,'facil'),
('Carta de tierra inestable',3,'medio'),
('Carta de clon',3,'dificil'),
('Carta de impulso magnetico',3,'medio'),
('Carta de regeneracion',3,'medio'),
('Carta de niebla',3,'facil'),
('Carta de portal corto',3,'dificil'),
('Carta de escaneo',3,'facil'),
('Carta de super armadura',3,'dificil');
COMMIT;

-- Inserta valores en tabla ENEMIGO
SET AUTOCOMMIT=0;
INSERT INTO Enemigo(nombre, tipo, descripcion, vida_base, daño_base, es_inmortal, rango_ataque, rango_deteccion) VALUES
('Alien Basico','simple','Enemigo comun de patrulla',100,20,0,0,60),
('Torreta Alien','torreta','Dispara a distancia sin moverse',150,15,1,1,120),
('Alien Perro','alerta','Alerta a otros enemigos cercanos',80,0,0,0,150),
('Slime Alien','divide','Se divide al recibir dano',60,10,1,0,40),
('Alien Rojo','simple','Version agresiva del alien basico',120,24,0,0,70),
('Torreta Plasma','torreta','Torreta con disparo mas rapido',170,18,1,1,130),
('Can Centinela','alerta','Can explorador de corto alcance',90,5,0,0,100),
('Slime Verde','divide','Slime resistente a pisotones',70,12,1,0,45),
('Alien Explorador','simple','Explora zonas amplias del mapa',95,18,0,0,90),
('Torreta Pesada','torreta','Torreta blindada de alto dano',210,22,1,1,150),
('Can Rastreado','alerta','Sigue al jugador por olor',110,8,0,0,160),
('Slime Azul','divide','Slime que rebota al caer',75,14,1,0,50),
('Alien Sombra','simple','Se mueve rapidamente en zonas oscuras',130,26,0,0,80),
('Torreta Laser','torreta','Dispara rayos lineales',180,25,1,1,140),
('Can Alfa','alerta','Version lider de los perros alien',120,10,0,0,170),
('Slime Magma','divide','Slime ardiente de corto alcance',85,16,1,0,55),
('Alien Blindado','simple','Alien con defensa adicional',160,28,0,0,75),
('Torreta Nucleo','torreta','Protege zonas clave',220,30,1,1,160),
('Can Eco','alerta','Detecta movimiento por sonido',100,6,0,0,140),
('Slime Titan','divide','Slime grande y pesado',130,20,1,0,60),
('Alien Reactor','simple','Alien alimentado por energia',170,32,0,0,85),
('Torreta Negra','torreta','Torreta avanzada de elite',240,35,1,1,170),
('Can Cerbero','alerta','Unidad canina de alto nivel',140,12,0,0,180),
('Slime Acido','divide','Slime corrosivo',95,18,1,0,50),
('Alien Omega','simple','Version final del alien',200,38,0,0,95),
('Torreta Omega','torreta','Torreta final de alto peligro',260,40,1,1,180),
('Can Eclipse','alerta','Unidad rapida y agresiva',150,14,0,0,175),
('Slime Supremo','divide','Slime definitivo',150,22,1,0,65),
('Alien Abisal','simple','Alien especializado en niveles oscuros',180,34,0,0,90),
('Torreta Prismatica','torreta','Torreta de disparos multiples',230,33,1,1,165);
COMMIT;

-- Inserta valores en tabla PLATAFORMA
SET AUTOCOMMIT=0; 
INSERT INTO Plataforma(id_carta, nombre, composicion, es_autogenerada) VALUES
(NULL,'cuadrada_01','{"formas":[{"base":1,"altura":1,"x":0,"y":0}]}',TRUE),
(NULL,'rect_3_1_02','{"formas":[{"base":3,"altura":1,"x":0,"y":0}]}',TRUE),
(NULL,'rect_9_2_03','{"formas":[{"base":9,"altura":2,"x":0,"y":0}]}',TRUE),
(NULL,'rect_12_2_04','{"formas":[{"base":12,"altura":2,"x":0,"y":0}]}',TRUE),
(NULL,'rect_3_12_05','{"formas":[{"base":3,"altura":12,"x":0,"y":1}]}',TRUE),
(NULL,'circulo_06','{"formas":[{"base":2,"altura":2,"x":0,"y":0}]}',TRUE),
(NULL,'ele_07','{"formas":[{"base":3,"altura":1,"x":0,"y":0},{"base":1,"altura":3,"x":1,"y":-1}]}',TRUE),
(NULL,'escalon_08','{"formas":[{"base":2,"altura":1,"x":0,"y":0},{"base":2,"altura":1,"x":2,"y":-1}]}',TRUE),
(NULL,'techo_09','{"formas":[{"base":5,"altura":1,"x":0,"y":0}]}',TRUE),
(NULL,'puente_10','{"formas":[{"base":7,"altura":1,"x":0,"y":0}]}',TRUE),
(NULL,'torre_11','{"formas":[{"base":1,"altura":6,"x":0,"y":0}]}',TRUE),
(NULL,'doble_bloque_12','{"formas":[{"base":2,"altura":2,"x":0,"y":0},{"base":2,"altura":2,"x":3,"y":0}]}',TRUE),
(NULL,'ancha_13','{"formas":[{"base":10,"altura":1,"x":0,"y":0}]}',TRUE),
(NULL,'alta_14','{"formas":[{"base":2,"altura":8,"x":0,"y":0}]}',TRUE),
(NULL,'pasillo_15','{"formas":[{"base":6,"altura":1,"x":0,"y":0}]}',TRUE),
(NULL,'isla_16','{"formas":[{"base":4,"altura":1,"x":0,"y":0}]}',TRUE),
(NULL,'compacta_17','{"formas":[{"base":2,"altura":2,"x":0,"y":0}]}',TRUE),
(NULL,'doble_ele_18','{"formas":[{"base":3,"altura":1,"x":0,"y":0},{"base":1,"altura":3,"x":0,"y":-2}]}',TRUE),
(NULL,'barrera_19','{"formas":[{"base":8,"altura":2,"x":0,"y":0}]}',TRUE),
(NULL,'poste_20','{"formas":[{"base":1,"altura":10,"x":0,"y":0}]}',TRUE),
(NULL,'tri_bloque_21','{"formas":[{"base":3,"altura":2,"x":0,"y":0}]}',TRUE),
(NULL,'mini_22','{"formas":[{"base":1,"altura":1,"x":0,"y":0}]}',TRUE),
(NULL,'macro_23','{"formas":[{"base":14,"altura":2,"x":0,"y":0}]}',TRUE),
(NULL,'pared_24','{"formas":[{"base":2,"altura":12,"x":0,"y":0}]}',TRUE),
(NULL,'triple_25','{"formas":[{"base":2,"altura":1,"x":0,"y":0},{"base":2,"altura":1,"x":3,"y":0},{"base":2,"altura":1,"x":6,"y":0}]}',TRUE),
(NULL,'zigzag_26','{"formas":[{"base":2,"altura":1,"x":0,"y":0},{"base":2,"altura":1,"x":2,"y":-1},{"base":2,"altura":1,"x":4,"y":0}]}',TRUE),
(NULL,'caja_27','{"formas":[{"base":3,"altura":3,"x":0,"y":0}]}',TRUE),
(NULL,'barra_28','{"formas":[{"base":11,"altura":1,"x":0,"y":0}]}',TRUE),
(NULL,'portal_base_29','{"formas":[{"base":4,"altura":2,"x":0,"y":0}]}',TRUE),
(NULL,'base_final_30','{"formas":[{"base":9,"altura":3,"x":0,"y":0}]}',TRUE);
COMMIT;

-- Inserta valores en tabla POWERUP
SET AUTOCOMMIT=0;
INSERT INTO PowerUp(id_carta, nombre) VALUES
(1,'PowerUp Bomba'),
(2,'PowerUp Doble Salto'),
(3,'PowerUp Escudo'),
(4,'PowerUp Velocidad'),
(5,'PowerUp Jetpack'),
(6,'PowerUp Plataforma'),
(7,'PowerUp Vida Extra'),
(8,'PowerUp Rayo'),
(9,'PowerUp Mina'),
(10,'PowerUp Impulso'),
(11,'PowerUp Congelamiento'),
(12,'PowerUp Onda'),
(13,'PowerUp Invisibilidad'),
(14,'PowerUp Rebote'),
(15,'PowerUp Salto Pesado'),
(16,'PowerUp Escudo Total'),
(17,'PowerUp Curacion'),
(18,'PowerUp Dron'),
(19,'PowerUp Trampolin'),
(20,'PowerUp Turbo'),
(21,'PowerUp Misil'),
(22,'PowerUp Detector'),
(23,'PowerUp Tierra Inestable'),
(24,'PowerUp Clon'),
(25,'PowerUp Magnetico'),
(26,'PowerUp Regeneracion'),
(27,'PowerUp Niebla'),
(28,'PowerUp Portal'),
(29,'PowerUp Escaneo'),
(30,'PowerUp Super Armadura');
COMMIT;

-- Inserta valores en tabla JEFE NIVEL
SET AUTOCOMMIT=0;
INSERT INTO JefeNivel(id_nivel, nombre_jefe) VALUES
(1,'Jefe Nivel 1'),
(2,'Jefe Nivel 2'),
(3,'Jefe Nivel 3'),
(4,'Jefe Nivel 4'),
(5,'Jefe Nivel 5'),
(6,'Jefe Nivel 6'),
(7,'Jefe Nivel 7'),
(8,'Jefe Nivel 8'),
(9,'Jefe Nivel 9'),
(10,'Jefe Nivel 10'),
(11,'Jefe Nivel 11'),
(12,'Jefe Nivel 12'),
(13,'Jefe Nivel 13'),
(14,'Jefe Nivel 14'),
(15,'Jefe Nivel 15'),
(16,'Jefe Nivel 16'),
(17,'Jefe Nivel 17'),
(18,'Jefe Nivel 18'),
(19,'Jefe Nivel 19'),
(20,'Jefe Nivel 20'),
(21,'Jefe Nivel 21'),
(22,'Jefe Nivel 22'),
(23,'Jefe Nivel 23'),
(24,'Jefe Nivel 24'),
(25,'Jefe Nivel 25'),
(26,'Jefe Nivel 26'),
(27,'Jefe Nivel 27'),
(28,'Jefe Nivel 28'),
(29,'Jefe Nivel 29'),
(30,'Jefe Nivel 30');
COMMIT;

-- Inserta valores en tabla ZONAGENERACION
SET AUTOCOMMIT=0; 
INSERT INTO ZonaGeneracion(id_nivel, coord_x, coord_y, hostil) VALUES
(1,100,500,FALSE),
(2,300,450,TRUE),
(3,500,400,FALSE),
(4,700,350,TRUE),
(5,900,300,FALSE),
(6,1100,500,TRUE),
(7,1300,450,FALSE),
(8,1500,400,TRUE),
(9,1700,350,FALSE),
(10,1900,300,TRUE),
(11,2100,500,FALSE),
(12,2300,450,TRUE),
(13,2500,400,FALSE),
(14,2700,350,TRUE),
(15,2900,300,FALSE),
(16,3100,500,TRUE),
(17,3300,450,FALSE),
(18,3500,400,TRUE),
(19,3700,350,FALSE),
(20,3900,300,TRUE),
(21,4100,500,FALSE),
(22,4300,450,TRUE),
(23,4500,400,FALSE),
(24,4700,350,TRUE),
(25,4900,300,FALSE),
(26,5100,500,TRUE),
(27,5300,450,FALSE),
(28,5500,400,TRUE),
(29,5700,350,FALSE),
(30,5900,300,TRUE);
COMMIT;

-- Inserta valores en tabla ENEMIGONIVEL
SET AUTOCOMMIT=0;
INSERT INTO EnemigoNivel(id_nivel, id_enemigo, cantidad_maxima) VALUES
(1,1,5),
(1,2,2),
(1,3,3),
(2,1,6),
(2,2,2),
(2,3,4),
(3,1,7),
(3,2,3),
(3,3,4),
(4,4,5),
(4,5,2),
(4,6,3),
(5,4,6),
(5,5,3),
(5,6,4),
(6,7,5),
(6,8,4),
(6,9,3),
(7,7,6),
(7,8,5),
(7,9,4),
(8,10,4),
(8,11,3),
(8,12,5),
(9,13,4),
(9,14,3),
(9,15,2),
(10,16,5),
(10,17,3),
(10,18,4);
COMMIT;

-- Inserta valores en tabla PLATAFORMANIVEL
SET AUTOCOMMIT=0;
INSERT INTO PlataformaNivel(id_plataforma, nivel_plataforma, ancho_base, alto_base, duracion, es_destruible, enemigo_encima) VALUES
(1,1,40.00,40.00,NULL,FALSE,FALSE),
(1,2,45.00,45.00,NULL,FALSE,FALSE),
(1,3,50.00,50.00,NULL,TRUE,FALSE),
(2,1,120.00,40.00,NULL,FALSE,FALSE),
(2,2,125.00,40.00,NULL,FALSE,TRUE),
(2,3,130.00,40.00,NULL,TRUE,TRUE),
(3,1,360.00,80.00,NULL,FALSE,FALSE),
(3,2,370.00,80.00,NULL,FALSE,TRUE),
(3,3,380.00,80.00,NULL,TRUE,TRUE),
(4,1,480.00,80.00,NULL,FALSE,FALSE),
(4,2,500.00,80.00,NULL,FALSE,TRUE),
(4,3,520.00,80.00,NULL,TRUE,TRUE),
(5,1,120.00,480.00,NULL,FALSE,FALSE),
(5,2,130.00,500.00,NULL,FALSE,TRUE),
(5,3,140.00,520.00,NULL,TRUE,TRUE),
(6,1,80.00,80.00,NULL,FALSE,FALSE),
(6,2,90.00,90.00,NULL,FALSE,FALSE),
(6,3,100.00,100.00,NULL,TRUE,FALSE),
(7,1,120.00,120.00,NULL,FALSE,FALSE),
(7,2,130.00,130.00,NULL,FALSE,TRUE),
(7,3,140.00,140.00,NULL,TRUE,TRUE),
(8,1,100.00,50.00,NULL,FALSE,FALSE),
(8,2,110.00,55.00,NULL,FALSE,TRUE),
(8,3,120.00,60.00,NULL,TRUE,TRUE),
(9,1,200.00,40.00,NULL,FALSE,FALSE),
(9,2,210.00,40.00,NULL,FALSE,TRUE),
(9,3,220.00,40.00,NULL,TRUE,TRUE),
(10,1,280.00,60.00,NULL,FALSE,FALSE),
(10,2,290.00,60.00,NULL,FALSE,TRUE),
(10,3,300.00,60.00,NULL,TRUE,TRUE);
COMMIT;

-- Inserta valores en tabla POWERUPNIVEL
SET AUTOCOMMIT=0;
INSERT INTO PowerUpNivel(id_powerUp, nivel_powerUp, duracion_base, modificador_velocidad, modificador_salto, da_vida, rango_actuacion) VALUES
(1,1,5,0.00,0.00,0,80),
(1,2,6,0.00,0.00,0,100),
(1,3,7,0.00,0.00,0,120),
(2,1,5,0.00,1.20,0,0),
(2,2,6,0.00,1.40,0,0),
(2,3,7,0.00,1.60,0,0),
(3,1,4,0.00,0.00,0,0),
(3,2,5,0.00,0.00,0,0),
(3,3,6,0.00,0.00,0,0),
(4,1,6,1.20,0.00,0,0),
(4,2,7,1.40,0.00,0,0),
(4,3,8,1.60,0.00,0,0),
(5,1,5,0.00,0.00,0,0),
(5,2,6,0.00,0.00,0,0),
(5,3,7,0.00,0.00,0,0),
(6,1,4,0.00,0.00,0,0),
(6,2,5,0.00,0.00,0,0),
(6,3,6,0.00,0.00,0,0),
(7,1,3,0.00,0.00,1,0),
(7,2,4,0.00,0.00,1,0),
(7,3,5,0.00,0.00,1,0),
(8,1,5,0.20,0.00,0,70),
(8,2,6,0.30,0.00,0,80),
(8,3,7,0.40,0.00,0,90),
(9,1,5,0.00,0.20,0,70),
(9,2,6,0.00,0.30,0,80),
(9,3,7,0.00,0.40,0,90),
(10,1,5,0.50,0.50,0,60),
(10,2,6,0.60,0.60,0,70),
(10,3,7,0.70,0.70,0,80);
COMMIT;

-- Inserta valores en tabla PARTIDA
SET AUTOCOMMIT=0;
INSERT INTO Partida(id_jugador, fecha_inicio, fecha_fin, tiempo_total_seg, puntaje_total, niveles_completados, enemigos_total, vidas_restantes) VALUES
(1,NOW(),NOW(),300,1200,2,10,2),
(2,NOW(),NOW(),320,1300,2,11,2),
(3,NOW(),NOW(),340,1400,2,12,2),
(4,NOW(),NOW(),360,1500,3,13,1),
(5,NOW(),NOW(),380,1600,3,14,1),
(6,NOW(),NOW(),400,1700,3,15,1),
(7,NOW(),NOW(),420,1800,4,16,1),
(8,NOW(),NOW(),440,1900,4,17,1),
(9,NOW(),NOW(),460,2000,4,18,1),
(10,NOW(),NOW(),480,2100,5,19,0),
(11,NOW(),NOW(),500,2200,5,20,0),
(12,NOW(),NOW(),520,2300,5,21,0),
(13,NOW(),NOW(),540,2400,6,22,0),
(14,NOW(),NOW(),560,2500,6,23,0),
(15,NOW(),NOW(),580,2600,6,24,0),
(16,NOW(),NOW(),600,2700,7,25,1),
(17,NOW(),NOW(),620,2800,7,26,1),
(18,NOW(),NOW(),640,2900,7,27,1),
(19,NOW(),NOW(),660,3000,8,28,1),
(20,NOW(),NOW(),680,3100,8,29,1),
(21,NOW(),NOW(),700,3200,8,30,1),
(22,NOW(),NOW(),720,3300,9,31,0),
(23,NOW(),NOW(),740,3400,9,32,0),
(24,NOW(),NOW(),760,3500,9,33,0),
(25,NOW(),NOW(),780,3600,10,34,0),
(26,NOW(),NOW(),800,3700,10,35,0),
(27,NOW(),NOW(),820,3800,10,36,0),
(28,NOW(),NOW(),840,3900,11,37,1),
(29,NOW(),NOW(),860,4000,11,38,1),
(30,NOW(),NOW(),880,4100,12,39,1);
COMMIT;

-- Inserta valores en tabla CARTAJUGADOR
SET AUTOCOMMIT=0; 
INSERT INTO CartaJugador(id_jugador, id_carta, nivel_actual, veces_mejorada, veces_usada_total) VALUES
(1,1,1,0,2),
(2,2,1,0,2),
(3,3,1,0,2),
(4,4,1,0,2),
(5,5,1,0,2),
(6,6,1,0,2),
(7,7,1,0,2),
(8,8,1,0,2),
(9,9,1,0,2),
(10,10,1,0,2),
(11,11,2,1,3),
(12,12,2,1,3),
(13,13,2,1,3),
(14,14,2,1,3),
(15,15,2,1,3),
(16,16,2,1,3),
(17,17,2,1,3),
(18,18,2,1,3),
(19,19,2,1,3),
(20,20,2,1,3),
(21,21,3,2,5),
(22,22,3,2,5),
(23,23,3,2,5),
(24,24,3,2,5),
(25,25,3,2,5),
(26,26,3,2,5),
(27,27,3,2,5),
(28,28,3,2,5),
(29,29,3,2,5),
(30,30,3,2,5);
COMMIT;


-- Inserta valores en tabla NIVELPARTIDA
SET AUTOCOMMIT=0;
INSERT INTO NivelPartida(id_partida, id_nivel, puntaje_nivel, tiempo_segundos, enemigos_eliminados, cartas_usadas, cartas_no_usadas, multiplicador_tiempo, completado) VALUES
(1,1,400,90,4,1,1,1.00,TRUE),
(2,2,450,95,5,1,1,1.05,TRUE),
(3,3,500,100,6,1,1,1.10,TRUE),
(4,4,550,105,7,1,1,1.15,TRUE),
(5,5,600,110,8,1,1,1.20,TRUE),
(6,6,650,115,9,1,1,1.25,TRUE),
(7,7,700,120,10,1,1,1.30,TRUE),
(8,8,750,125,11,1,1,1.35,TRUE),
(9,9,800,130,12,1,1,1.40,TRUE),
(10,10,850,135,13,1,1,1.45,TRUE),
(11,11,900,140,14,2,1,1.00,TRUE),
(12,12,950,145,15,2,1,1.05,TRUE),
(13,13,1000,150,16,2,1,1.10,TRUE),
(14,14,1050,155,17,2,1,1.15,TRUE),
(15,15,1100,160,18,2,1,1.20,TRUE),
(16,16,1150,165,19,2,1,1.25,TRUE),
(17,17,1200,170,20,2,1,1.30,TRUE),
(18,18,1250,175,21,2,1,1.35,TRUE),
(19,19,1300,180,22,2,1,1.40,TRUE),
(20,20,1350,185,23,2,1,1.45,TRUE),
(21,21,1400,190,24,3,0,1.00,TRUE),
(22,22,1450,195,25,3,0,1.05,TRUE),
(23,23,1500,200,26,3,0,1.10,TRUE),
(24,24,1550,205,27,3,0,1.15,TRUE),
(25,25,1600,210,28,3,0,1.20,TRUE),
(26,26,1650,215,29,3,0,1.25,TRUE),
(27,27,1700,220,30,3,0,1.30,TRUE),
(28,28,1750,225,31,3,0,1.35,TRUE),
(29,29,1800,230,32,3,0,1.40,TRUE),
(30,30,1850,235,33,3,0,1.45,TRUE);
COMMIT;

-- Inserta valores en tabla CARTAPARTIDA
SET AUTOCOMMIT=0; 
INSERT INTO CartaPartida(id_nivel_partida, id_carta, nivel_carta_repartir, fue_usada, fue_almacenada, veces_usada) VALUES
(1,1,1,TRUE,FALSE,1),
(2,2,1,TRUE,FALSE,1),
(3,3,1,TRUE,FALSE,1),
(4,4,1,TRUE,FALSE,1),
(5,5,1,TRUE,FALSE,1),
(6,6,1,TRUE,FALSE,1),
(7,7,1,TRUE,FALSE,1),
(8,8,1,TRUE,FALSE,1),
(9,9,1,TRUE,FALSE,1),
(10,10,1,TRUE,FALSE,1),
(11,11,2,TRUE,FALSE,1),
(12,12,2,TRUE,FALSE,1),
(13,13,2,TRUE,FALSE,1),
(14,14,2,TRUE,FALSE,1),
(15,15,2,TRUE,FALSE,1),
(16,16,2,TRUE,FALSE,1),
(17,17,2,TRUE,FALSE,1),
(18,18,2,TRUE,FALSE,1),
(19,19,2,TRUE,FALSE,1),
(20,20,2,TRUE,FALSE,1),
(21,21,3,TRUE,FALSE,1),
(22,22,3,TRUE,FALSE,1),
(23,23,3,TRUE,FALSE,1),
(24,24,3,TRUE,FALSE,1),
(25,25,3,TRUE,FALSE,1),
(26,26,3,TRUE,FALSE,1),
(27,27,3,TRUE,FALSE,1),
(28,28,3,TRUE,FALSE,1),
(29,29,3,TRUE,FALSE,1),
(30,30,3,TRUE,FALSE,1);
COMMIT;